{
    "_comentario": "Archivo de prueba para la API de Predicción de Cáncer de Mama",
    "_descripcion": "Este archivo contiene un ejemplo válido de payload JSON para realizar predicciones mediante el endpoint POST /predict de la API. Incluye las 30 características numéricas requeridas por el modelo de clasificación de cáncer de mama basado en el dataset Breast Cancer Wisconsin Diagnostic.",
    "_uso": "curl -X POST http://127.0.0.1:5000/predict -H 'Content-Type: application/json' -d @correcto.json",
    "_estructura": {
        "features": "Lista de 30 valores numéricos (float) que representan las características extraídas de imágenes de núcleos celulares",
        "grupos": {
            "indices_0_9": "Valores medios de 10 características (radio, textura, perímetro, área, suavidad, compacidad, concavidad, puntos cóncavos, simetría, dimensión fractal)",
            "indices_10_19": "Errores estándar de las mismas 10 características",
            "indices_20_29": "Peores valores (máximos) de las mismas 10 características"
        }
    },
    "_respuesta_esperada": {
        "prediction": "0 (maligno) o 1 (benigno)",
        "status": "success"
    },
    "features": [
        14.2,
        20.3,
        92.4,
        600.5,
        0.1,
        0.2,
        0.3,
        0.1,
        0.2,
        0.05,
        0.3,
        1.0,
        2.0,
        30.0,
        0.01,
        0.1,
        0.05,
        0.01,
        0.05,
        0.01,
        15.0,
        25.0,
        100.0,
        700.0,
        0.12,
        0.4,
        0.6,
        0.2,
        0.3,
        0.08
    ],
    "_detalles_features": {
        "feature_0": "Radio medio del núcleo celular",
        "feature_1": "Textura media (desviación estándar de valores en escala de grises)",
        "feature_2": "Perímetro medio del núcleo",
        "feature_3": "Área media del núcleo",
        "feature_4": "Suavidad media (variación local en longitudes de radio)",
        "feature_5": "Compacidad media (perímetro² / área - 1.0)",
        "feature_6": "Concavidad media (severidad de porciones cóncavas del contorno)",
        "feature_7": "Puntos cóncavos medios (número de porciones cóncavas del contorno)",
        "feature_8": "Simetría media del núcleo",
        "feature_9": "Dimensión fractal media (aproximación de costa - 1)",
        "feature_10": "Error estándar del radio",
        "feature_11": "Error estándar de la textura",
        "feature_12": "Error estándar del perímetro",
        "feature_13": "Error estándar del área",
        "feature_14": "Error estándar de la suavidad",
        "feature_15": "Error estándar de la compacidad",
        "feature_16": "Error estándar de la concavidad",
        "feature_17": "Error estándar de puntos cóncavos",
        "feature_18": "Error estándar de la simetría",
        "feature_19": "Error estándar de la dimensión fractal",
        "feature_20": "Peor radio (mayor valor medido)",
        "feature_21": "Peor textura",
        "feature_22": "Peor perímetro",
        "feature_23": "Peor área",
        "feature_24": "Peor suavidad",
        "feature_25": "Peor compacidad",
        "feature_26": "Peor concavidad",
        "feature_27": "Peores puntos cóncavos",
        "feature_28": "Peor simetría",
        "feature_29": "Peor dimensión fractal"
    }
}